[ENGLISAH DUBBED] 色彩が際立つピクセルアートの基礎からアニメーション制作まで | From the basics of vibrant pixel art to animation production.
[English Dubbed] Express Yourself with Character Creation Ideation
[Part. 01] Building a Functional Foundation for Character Illustration
100-Chapter Guide to Overcoming Creative Blocks in Anime-Style Illustration
100-Chapter Guide to Solidify Your Coloring Skills Step by Step
100가지 아트워크로 쉽게 익히는 블렌더 3D 기초 트레이닝 | Blender 3D Basic Training: Easy to Learn with 100 Artworks
2D Action Animation Starter Pack
2D Animation: From the Basics to Scene Construction
2D Character Animation Master
2D Frame by Frame Animation
30 Days from 0 Skill to Pro 3D Artist with Daz & Blender
3D Anime Style Mecha Production in OctaneRender for Blender
3D Motion Graphics for Commercial Films & Animatics
3D VTuber Creation; and Learning Techniques from Science to Art
3Dモデルで作り上げるイラスト調VTuber | Illustration-style VTuber created with 3D models
5 Steps to Master the Core Principles of Light and Coloring
A Guide for Drawing Faces So You Can Draw Any Character
A Professional's Guide to Enhancing Figure Painting Skills
A-to-Z VTuber Model Creation: Design
Advanced Guide to Sculpting 3D Collectibles
Advanced Techniques for Outstanding Illustration Composition
All About Japanese Key Animation: Genga
All You Need: Anime Master Kit
An Animator’s Guide to Unreal Engine
Animate Your Illustration with AE
Anime Character Design: From Chibi to Semi-Realistic
Anime-Character Essentials: From Theory to Final Illustration
Anime-Style Background Design
Anime-style Background Illustration Drawing with Object Production
Anime-Style Illustrations: Composition and Photobashing
Anime-Style VFX Production in Blender
Artistic Cartoon-Style Character Modeling with ZBrush
Atypical Graphic Designs through Practical Branding
Basics of Key Visual Design with Composition & Typography
Beginner’s Guide to 3D Anime Sculpting: Starting from Scratch
Blender 3D Character Styling and Direction with 160 Practical Examples
Blender 3D for VTubers: Create Your First Virtual Avatar
Blender Fundamentals for Illustrators: A Complete Guide to Character & Environment Design
Blenderで作るサイバーパンクアニメーション | Cyberpunk animation created with Blender
Blenderで創作する幻想的なサイバーパンク都市 | Creating a fantastical cyberpunk city in Blender
Blenderで学ぶ本格的な実写合成VFX | Learn professional-level live-action composite VFX with Blender
Blenderで描くダークなサイバーパンクの世界 | A dark cyberpunk world drawn in Blender
Bring Your Illustrations to Life: 2D Animation with AE
Bringing Artistic Game Effects to Life with Niagara
C4D Motion Training: From the Basics to Master Level
C4D로 만드는 감각적이고 몰입도 높은 애니메이션 | Stylish and immersive animations created with C4D
C4D와 옥테인으로 완성하는 몽환적인 자연물 배경 | Dreamy nature backgrounds created with C4D and Octane
Capturing Stylized Movement with Dynamic Poses
Capturing the Ambiance in an Illustration
Character Illustration to 3D in Blender: A Step-by-Step Guide
Charming Characters and Romance Scene Illustration
Class+: Designing Eye-Catching Anime Characters
Class+: Learning High-Quality Coloring Techniques
Claz'room College: Let Your Journey Begin in Anime-Style Rendering
Color Stylization For Vibrant Illustrations
Conceptual Anime-Style Illustration with Trendy Designs
Conceptualizing Your Character: From Design to Illustration
Conquering Anime Style Action Scene from A to Z
Conquering Perspective in Environment Design
Create 3D Character Animations With Unity
Create Captivating Characters with Detailed Expressions
Create Concept Art Using Your Character’s Story
Create Expressive Character Animation Using Blender
Creating 3D Anime Backgrounds in Blender: A Comprehensive Tutorial
Creating 3D Characters and Worldviews with Blender and UE5
Creating Adorable Character Illustrations with Vivid Colors
Creating Cel-Shaded Character Animations with Blender
Creating Cel-Shading Character Animation with Blender
Creating Characters & Backgrounds that Pull You Into Another World
Creating Characters in a Fictional Universe through Lighting
Creating Complete Dynamic and Stylish Characters
Creating Dynamic Virtual Characters in Live2D
Creating Engaging Sci-Fi Cinematic Animation in Blender
Creating Eye-Catching Animation
Creating Fantasy-Stylized Characters: Streamlining the Modeling Workflow
Creating Sci-fi Anime Scenery in Blender
Creating Surreal Dreamworlds with Cinema 4D & Octane
Creating Unique & Expressive Characters
Creating Your Own Unique Characters
Daily Life in Anime Background Design
Design Stunning Male Characters in Your Style
Designing Appealing Character Costumes and Weapons
Develop Your Unique Art Style for Character Design and Illustration
Discover the Essence of Concept Art
Drawing & Coloring Anime-Style Characters
Drawing Charming Male Character Portraits
Drawing Dynamic Action Scenes
Drawing Monochromatic Characters Using Lineart
Drawing Radiant 2D Male Character Illustrations
Drawing Stunning Character Faces in 3 Unique Styles
Drawing Stunning Characters Using Efficient Design Methods
Drawing Superheroes Using Volume and Silhouette
Drawing the Human Body Based on Anatomy
Dynamic 2D/3D Action Animation Using Blender
Easy-to-Make High Quality Stylized Game Backgrounds
Essential Animation Techniques for Dynamic Action Sequences
Exploring 6 Themes for C4D Character Animation
Expressing Key Elements for Creative Graphic Design
Figure Drawing with Basic Shapes: An Easy Approach
From Basics to Practice: Creating Cute Live2D for VTubers
From Beginner to Director in a Year: Animation Production in 100 Chapters
From Hobbyist to Professional: Enter the World of Advanced 3D Anime Character Modeling
From Intuition to Intention: Mastering Shadows for Form & Depth
From Shapes to Characters: Core Skills and Strategies for Anime Illustration
From Sketch to 3D Anime Avatar: Exploring Applications
Fun 3D Character Modeling Using Blender
Fundamentals of Semi Realistic Character Illustration
Fundamentals of Stylized Character Art
Fundamentals to Mastering Stylized Portrait Painting
Future Fashion with Marvelous Designer & Cinema4D
Hand-Drawn Style Character Animation with Blender
Hollywood VFX with Maya and Nuke
How to Design Stylish and Trendy Characters for Illustrations
Illustrating & Animating Character Splash Art
Illustrating Expressive Characters Using Light & Color Theory
Illustrating Male Characters with Perfect Line Art
Intro to 3D Cartoon Rendering with Blender
Intro to Inbetweening Animations & Practical Skills
Intro to Mech Drawing for Sci-Fi Illustration
Introduction to Chrometype Artwork with Blender
Introduction to Modeling Cel-Shaded Characters in Blender
Introductory Game Animation Pipelines for Anime Characters
Line Art Techniques for Aesthetic Character Portraits
Making Merch with SD Characters & Stylized Food Art
Making Real-Time Cinematic Videos With Unreal Engine 5
Making Stylized 3D Animation from Scratch
Manga Mastery Camp: A Practical Roadmap to Pro-Level Art
Master Class: Cinematic Illustrations
Master Light & Reference for Striking
Master the Art of Semi-Realistic Character Motion Graphics in C4D
Mastering 2D Animation: Beyond the Fundamentals
Mastering Action Scenes: Building a Standout Portfolio for the Animation Industry
Mastering Appeal: Character Design for Games
Mastering C4D: A Step-by-Step Guide to Unleashing Your Potential
Mastering Dynamic Black-and-White Ink Illustrations
Mastering Facial Animation and Emotional Storytelling
Mastering Line Art for Immersive Japanese Manga Production
Mastering Skills: A Self-Study Illustration Guide for Long-Term Growth
Mastering Stylized Anatomy and High-Volume Illustration
Mastering the Practical Animation Workflow through an Original IP Project
Mastering VTuber Creation from Scratch in Live2D
Modeling & Toon Shading Cartoon-Style Girl Characters
Modeling Beautiful and Lifelike Female Characters
Monochrome Illustration Techniques: Lines
Narrow Theme
Next-Level VTuber Avatars: Mastering Modeling & Rigging
Perfect 2D Animation: Effects & Compositing
Pixel Art Characters for Beginners
Practical Illustration Guide for Self-Learners
Practice Makes Perfect: Mastering Anime Character Illustration
Professional Webtoon Finishing: From Composition to Mood
Realistic Character Art in a Traditional Painting Style
Realistic Character Design
Realistic Live-Action VFX Compositing Using Blender
Realistic Texturing with Cinema4D & Octane
Screen direction techniques that use composition and effects to convey intention | 意図を伝える構図とエフェクトで仕上げる画面演出術
Semi-Realism in Fantasy Art: A Classical Painting Approach
SNSに特化した現代的なイラスト制作からアニメ塗りの実践まで | From modern illustration creation optimized for social media to the practice of anime-style coloring.
Solo-Production Case Study for a C4D Motion Graphics Portfolio
Step-by-Step Face Coloring from Basic to Advanced
Step-by-Step Guide to Creature Design
Step-by-Step Guide to Indie Animation Production
Stylization Basics: Tips for Creating Expressive Characters
Stylized Character Illustration Using Deformation
Subculture Illustration Technique Essentials to Enhance Core Skills
Techniques to Create Unique Storytelling Illustrations
Telling a Story Through a Single Frame
The 100-Chapter Guide for Utilizing Blender's Shader and Geometry Nodes
The 100-Chapter Guide to Blender From the Basics to 3D Animation
The 46-Chapter Guide to Character Design for Beginner to Advanced
The 50-Chapter Guide to Anime-Style Illustration
The 50-Chapter Guide to Developing Game Backgrounds for Concept Artists
The 60-Chapter Anime-Style Character Illustration Class
The A to Z of Creating Cartoon-Style Modeling with Blender
The Anatomy of Distortion
The Art of Character Design: Crafting Distinctive Illustrations
The Art of Cinematic Compositing in After Effects
The High-Density Coloring Guide to Bring Your Ideas to Life
The Key to Captivating Character Illustration
The Secret of Stylish Motion Graphics: Mastering Fake 3D Animation
The Secret to Editing Illustrations with Light & Texture
The Ultimate Webtoon Illustration Tool Kit
Thick Painting Techniques for Glamorous Character Illustrations
Timeless Anime Essentials: Build
Transform 2D Characters into Showcase-Ready 3D VTuber Avatars
Turning Anime Characters Into 3D Printable Models
Ultimate Real Time Character Creation: From Basic to Portfolio-Ready
VFX Artwork That Pushes the Limits of After Effects
VTuber Creation Made Easy: Illustration to Rig-Ready Models
Your Art is Your Brand: Original Character Illustration
개성 넘치는 색감과 터치감으로 완성하는 캐릭터 일러스트 | Character illustrations completed with unique colors and textures
게임 맞춤형 도트 캐릭터&애니메이션 입문 | Introduction to Game-Customized Pixel Characters & Animation
극호감 얼굴을 그려내는 탄탄한 형태&명암 표현법 | Solid Form & Shading Techniques for Creating an Extremely Appealing Face
기초부터 실무 심화까지 끝장내는 Ae 스타일라이즈드 Fake 3D | Master AE Stylized Fake 3D from Basics to Advanced Practice
기획부터 시작해 완성하는 3D 모션그래픽 포트폴리오 | A 3D motion graphics portfolio completed from planning.
나의 스타일을 찾아가는 다양한 채색 기법 100강사전 | 100 Lessons on Various Coloring Techniques to Find Your Style
누구나 쉽게 만드는 C4D 모션그래픽 | C4D Motion Graphics That Anyone Can Easily Create
단기 속성 액션/판타지 웹툰 원고 제작법 | Short-term Intensive Action/Fantasy Webtoon Manuscript Production Method
물을 머금은 듯 투명한 채색이 살아있는 캐릭터 일러스트 | Character illustration with vibrant
범접할 수 없는 퀄리티
실전부터 시작하는 Houdini FX 트레이닝 | Houdini FX Training Starting from Practice
애니메이션 스타일의 자연물 배경 드로잉 기초 | Basics of Drawing Animation-Style Natural Backgrounds
애니메이션 스토리보드 작법 및 실무 스킬 | Animation Storyboarding Techniques and Practical Skills
영화적인 하이라이트 연출과 밀도 높은 Ae 모션그래픽 씬 완성 | Cinematic highlight direction and completion of high-density Ae motion graphics scenes
인체 도형화 드로잉 입문 | Introduction to Figurative Drawing of the Human Body
캐주얼 캐릭터의 분위기별 표현법 | Expression methods for casual characters by mood
트렌디한 포트폴리오를 만드는 애프터 이펙트 스타일라이징 스킬 | After Effects Stylizing Skills for Creating a Trendy Portfolio
프로 원화가에게 배우는 캐릭터 원화 디자인 핵심 | Essentials of Character Concept Art Design Learned from a Professional Artist
화려한 이펙트가 돋보이는 2D FX 애니메이션 | 2DFX Animation Featuring Dazzling Effects
キャラクターの魅力を引き出す質感表現とライティングテクニック | Texture expression and lighting techniques that bring out the charm of the characters
フェチズムを盛り込んだインパクトのあるキャラクターイラスト | Impactful character illustrations incorporating fetishism
人体と色の理論を活用した雰囲気のあるキャラクターイラスト | Atmospheric character illustrations utilizing the theories of the human body and color.
基礎から実践まで：16種類のエフェクト制作 | From basics to practical application: Creating 16 types of effects
完全攻略50講：しっかり学ぶ初心者向けのキャラクターデザイン | Complete Guide: 50 Lessons for Beginners - Thoroughly Learn Character Design
漫画の描き方入門：基礎スキルと魅力的なペンタッチ | Manga Drawing Basics: Fundamental Skills and Attractive Penmanship
画面構成とBlenderで完成する臨場感のある一枚絵 | A immersive single image created with screen composition and Blender.
美少年キャラクターの表現からグッズ化しやすいSDキャラ制作まで | From depicting handsome boy characters to creating chibi-style characters that are easy to turn into merchandise.
視線をとらえるイラストの構図テクニック |Illustration composition techniques that capture the viewer's eye
読者を惹きつけるドラマティックなアクション漫画の描き方 | How to draw dramatic action manga that captivates readers
